Afghanistan,ASIA (EX. NEAR EAST),31056997,647500,700.0,Kabul,Zaranj,Lashkar Gah,Kandahar,Tarin Kowt,Herat,Ghazni,Andkhvoy,Pol-e Khomri,Mazar-e Sharif,Meymaneh,Gardiz,Asadabad,Jalalabad,Zareh Sharan,Mehtar Lam,Aybak,Sheberghan,Farah,Mahmud-E Eraqi,Qala i Naw,Feyzabad,Charikar,Kondoz,Qalat,Taloqan,Mayda Shahr,Balkh,Baghlan,Bamian,Karokh,Baraki Barak,Chaghcharan
Algeria,NORTHERN AFRICA,32930091,2381740,6000.0,Béni Ounif,Algiers,Hassi Messaoud,Ouargla,Touggourt,Djanet,Illizi,I-n-Amenas,Annaba,El Oued,Laghouat,Tlimcen,Oran,Mostaganem,Saïda,Sidi bel Abbes,Mascara,Chlef,Djelfa,Tiarat,Blida,Béchar,Ghardaia,El Bayadh,Adrar,El Goléa,In Amguel,Tamanrasset,Reggane,I-n-Salah,Tindouf,Timimoun,Médéa,Béjaïa,Bouïra,Tizi-Ouzou,Bordj Bou Arréridj,M'sila,Biskra,Batna,Guelma,Skikda,Jijel,Constantine,Sétif,Sefra,Abadla,Oum el Bouaghi,Tébessa,Souk Ahras
Argentina,LATIN AMER. & CARIB,39921833,2766890,11200.0,San Juan,Los Blancos,General Roca,Ushuaia,Santa Rosa,28 de Noviembre,Comondante Luis Piedrabuena,Río Gallegos,Santa Fe,Paraná,San Lorenzo,Salta,Darregueira,Trelew,Rawson,La Rioja,Villalonga,Viedma,Sunchales,Río Colorado,Pedro Luro,San Salvador de Jujuy,Resistencia,Posadas,Paso Rio Mayo,Venado Tuerto,Corrientes,Formosa,Las Lomitas,La Plata,Mar de Ajó,Cutral Có,Ingeniero Jacobacci,Santiago del Estero,Uspallata,Tucumán,Comallo,El Maitén,Mendoza,Neuquén,Córdoba,Catamarca,Villa Rumipal,San Luis,Río Tercero,Malargüe,Tinogasta,Rinconada,Abra Pampa,Humahuaca,Libertador General San Martín,San Pedro,Susques,Choele Choel,General Conesa,San Antonio Oeste,Sierra Colorado,San Carlos de Bariloche,Puerto Madryn,Telsen,Sarmiento,Alto Rio Sanguer,Gastre,Pampa del Infierno,Charata,Presidencia Roque Saenz Pena,Rodeo,Mercedes,Villa María,Las Heras,Chilecito,Ingeniero Guillermo N. Juarez,Comandante Fontana,Belen,Chumbicha,Rio Grande,Puerto Deseado,Perito Moreno,Puerto San Julián,Gobernador Gregores,San Martín,La Paz,Tunuyán,San Rafael,General Pico,25 de Mayo,Victorica,Juan José Castelli,Victoria,Eldorado,Trancas,Chepes,Chamical,San Francisco,Concordia,El Calafate,Chos Malal,Las Lajas,Zapala,Villa Carlos Paz,Bell Ville,Río Cuarto,Villa Ángela,Concepción del Uruguay,Gualeguaychú,Gualeguay,Comodoro Rivadavia,Esquel,Añatuya,Dolores,Chascomús,Chivilcoy,Lincoln,Goya,Frias,Vera,Reconquista,Monte Quemado,Campana,Zárate,Luján,Mercedes,San Nicolas,Pergamino,Chacabuco,Junín,San Ramón de la Nueva Orán,Tartagal,Joaquín V. González,General Guemes,Cerrillos,Cafayate,San Antonio de los Cobres,Alta Gracia,Azul,Lobos,Veinticinco de Mayo,Nueve de Julio,Mercedes,Mar del Plata,Balcarce,Juarez,Coronel Suárez,Tandil,Carhué,Olavarría,Rafaela,San Justo,Rosario,Villa Constitución,Bahía Blanca,Punta Alta,Tres Arroyos,Necochea,Buenos Aires
Bangladesh,ASIA (EX. NEAR EAST),147365352,144000,1900.0,Dhaka,Narayanganj,Khulna,Jessore,Sylhet,Chittagong,Barisal,Comilla,Rajshahi,Pabna,Saidpur,Tangail,Nawabganj,Jamalpur,Rangpur,Mymensingh
Brazil,LATIN AMER. & CARIB,188078227,8511965,7600.0,Tauá,Uruguaiana,Quixadá,Cabo de Santo Agostinho,São Gabriel,São Borja,Santo Ângelo,Santa Rosa,Quaraí,Salvador,Vila Velha,Santa Cruz do Sul,Laguna,Muriaé,Londrina,São Lourenço do Sul,Porto União,Itanhaem,Foz do Iguaçu,Novo Hamburgo,Viana,Fernandópolis,Guarapuava,Guajara-Miram,Arcoverde,Mossoró,Maringá,Maracaju,Estância,Crateús,Ponta Porã,Penápolis,Cruzeiro do Sul,Jacareacanga,Erechim,Chapadinha,Itapipoca,Bacabal,Cascavel,Curitiba,Aracati,Jaboatao,Ijuí,Apucarana,Formosa,Icó,Araranguá,Xapeco,Nova Iguaçu,Andradina,Capanema,Baturité,Aripuana,Bom Jesus da Lapa,Carazinho,Cametá,Campo Murao,Aquidauana,Brasília,Bragança Paulista,Assis,Paragominas,Cáceres,Bento Gonçalves,Santo André,Bagé,Três Lagoas,Caracaraí,Concórdia,Camaquã,Guaira,Jaraguá do Sul,Araçatuba,Olinda,Recife,Natal,Presidente Prudente,Parnaíba,Crato,Santana do Livramento,Corumbá,Abunã,Campo Grande,Itaituba,Joaçaba,Rio Branco,Acaraú,Pelotas,Manaus,Cachoeira do Sul,Jardim,Santa Maria,Rosário do Sul,Joinville,Ji-Paraná,Arapongas,Dourados,Caçador,Jaguarão,Passo Fundo,Santa Vitória do Palmar,Porto Alegre,Açu,Rio Grande,Sena Madureira,São Luiz Gonzaga,Tupã,Ponta Grossa,Palmas,Grajau,São Francisco do Sul,Caxias do Sul,Sorocaba,Rio Negro,Capitão Poço,Canoas,Granja,Sobral,Camocim,Almenara,Araçuaí,Teófilo Otoni,Floriano,Colinas,Caxias,Pedreiras,Barra do Corda,Jacarezinho,Presidente Dutra,Coroatá,Codó,Paulo Afonso,Palmeira dos Índios,Cuiabá,Tubarão,Vacaria,Criciúma,Campo Belo,Salinópolis,Guaxupé,Sete Lagoas,Itaúna,Novo Airão,Tucuruí,Várzea Grande,Formiga,Santa Inês,Divinópolis,Pirapora,Lavras,Óbidos,Curvelo,Conceição do Araguaia,Oriximiná,Paracatu,Itaberaí,Uberlândia,Araxá,Iguatu,Itumbiara,Lapa,Cristalina,Trindade,Inhumas,Goiânia,Castro,Ituiutaba,Uberaba,Araguari,Anápolis,Poços de Caldas,São João del Rei,Pires do Rio,Aracaju,Manicoré,Pouso Alegre,Ariquemes,Morrinhos,Americana,Avaré,Barretos,Batatais,Bauru,Botucatu,Catalão,Irati,Santa Cruz,Tucano,Timbaúba,Passos,Manacapuru,Barreiros,Pimenta Bueno,Vilhena,Pinheiro,Belo Horizonte,Carpina,Serrinha,Arapiraca,Paracuru,Telêmaco Borba,Penedo,Xique-Xique,Barra Mansa,Alagoinhas,Remanso,Maceió,Frutal,Irecê,Pontes e Lacerda,Volta Redonda,Senhor do Bonfim,Garanhuns,Rio Largo,Canindé,Feira de Santana,Paranaguá,Mineiros,Crato,Juazeiro do Norte,Jataí,Canavieiras,Rondonópolis,Paranaíba,São José dos Pinhais,Rio Verde,Natal,João Pessoa,Goiana,Apodi,Mato Grosso,Itambé,Vitória da Conquista,Barreiras,Januária,Ubaitaba,Jaguaquara,Jequié,Janaúba,Santa Maria da Vitória,Guanambi,Registro,Iguape,Ilhéus,Itabuna,Iporá,Iturama,Caicó,Valença,Caruaru,Campina Grande,Nova Cruz,Fortaleza,Itapetinga,Russas,Patos,Pindamonhangaba,Ipú,Itapeva,Itapetininga,Itu,Campo Maior,Picos,Piripiri,Campinas,Catanduva,Piracicaba,Pirassununga,Timon,Teresina,Canela,Barra do Bugres,Governador Valadares,Guanhães,Salgueiro,Linhares,Blumenau,Santa Cruz Cabrália,São José de Ribamar,São Mateus,São Luís,Rosário,Porto Seguro,Nanuque,Alvorada,Ipatinga,Nova Lima,Diamantina,Itapecuru Mirim,Bocaiúva,Nova Viçosa,Itamaraju,Montes Claros,Caratinga,Ubá,Alta Floresta,Ponte Nova,Castanhal,Conselheiro Lafaiete,Juiz de Fora,Leopoldina,Cachoeiro de Itapemirim,Barbacena,Brusque,Florianópolis,Porto Nacional,Principe da Beira,Itajaí,Belém,Palmas,Xinguara,Bragança,Vitória,Parintins,Viseu,Colíder,Sinop,Cabo Frio,Campos,Petrolina,Juazeiro,Brumado,Osório,Petrópolis,Rio de Janeiro,Breves,Nova Friburgo,Jaboticabal,Lajes,Araguaína,Marabá,Itupiranga,Barras,Rolim de Moura,São José dos Campos,Gurupi,Itaberaba,Macaé,Miracema,Niterói,Marília,Franca,Maués,São Carlos,Guaratinguetá,Santarém,Garça,Ourinhos,Jaú,Tatuí,Taubaté,Rio Claro,Santos,São João da Boa Vista,Barra do Garças,São José do Rio Preto,Jundiaí,Coari,Ribeirão Preto,Limeira,Novo Horizonte,Abaetetuba,Tocantinópolis,Amapá,Vila Velha,São Gabriel da Cachoeira,Tefé,Fonte Boa,Imperatriz,Niquelândia,Goianésia,Ceres,Portel,Canoinhas,Altamira,Boa Vista,São Paulo,Macapá,Itacoatiara,Alenquer,Porto Santana,Barcelos,Tonantins,Imbituba,Balsas,Eirunepé,Porto Velho
Burma,ASIA (EX. NEAR EAST),47382633,678500,1800.0,Rangoon,Allanmyo,Mudon,Mawlamyine,Phyarpon,Labutta,Dawei,Myeik,Ye,Namtu,Hinthada,Thongwa,Bago,Pathein,Yandoon,Wakema,Pyay,Chauk,Myitkyina,Monywa,Naypyidaw,Loikaw,Yaynangyoung,Kyaukphyu,Magway,Shwebo,Sagaing,Myingyan,Pakokku,Mandalay,Taunggyi,Pyu,Taungoo,Letpadan,Sittwe,Pa-an,Hakha
Canada,NORTHERN AMERICA,33098932,9984670,29800.0,Selkirk,Trepassey,Schefferville,Whitehorse,Trout River,Yorkton,Antigonish,Gander,Berens River,Port-Menier,Wetaskiwin,Shamattawa,Steinbach,Thunder Bay,Oshawa,Chicoutimi,Melville,Brooks,Dauphin,Smithers,Terrace,Lutselke,Resolute,Quesnel,Island Lake,Halifax,Watson Lake,Sydney,Dawson Creek,Uranium City,Timmins,Saskatoon,Iqaluit,Alert,Thessalon,Yellowknife,Camrose,Campbell River,Revelstoke,Meadow Lake,Atikokan,Creston,Gillam,Cranbrook,Little Current,Calgary,Big Beaver House,Parry Sound,Kamloops,Dolbeau,St. John's,Lansdowne House,Paulatuk,Attawapiskat,Rimouski,Grand Prairie,La Sarre,Mingan,Prince Albert,Moose Jaw,Powell River,Pangnirtung,Nelson,Peace River,Cobalt,New Glasgow,Arctic Bay,Burwash Landing,Saint-Georges,Vancouver,Medicine Hat,Port Hope Simpson,Deer Lake,Vegreville,Bella Bella,Rankin Inlet,Owen Sound,Lac La Biche,Hopedale,Norway House,Coral Harbour,Kugluktuk,Norman Wells,Fort Resolution,Fort McPherson,Forteau,Kuujjuaq,Cape Dorset,Cartwright,Flin Flon,Holman,Pembroke,Baker Lake,Moosonee,Dryden,Corner Brook,Kelowna,Fort Smith,Fort Severn,Mont-Laurier,Channel-Port aux Basques,Kindersley,Igloolik,Hudson Bay,Courtenay,Mistassini,Kingston,Eastmain,Baie-Comeau,North Bay,North Battleford,Grise Fiord,Hay River,Stony Rapids,Hinton,Toronto,Edmonton,Gjoa Haven,Fort Simpson,Naujaat,Lethbridge,Sudbury,Swift Current,Regina,Cornwall,Taloyoak,Tuktoyaktuk,Deer Lake,London,Natashquan,Cap-Chat,Orillia,Kenora,Barrie,Sherbrooke,St. Anthony,Rigolet,Fort Good Hope,La Scie,Fort St. John,Marathon,Gaspé,Nelson House,Lillooet,Fort McMurray,Jasper,Buchans,Stettler,La Ronge,Brochet,Baddeck,Pond Inlet,St-Augustin,Gimli,Red Lake,Stephenville,Ennadai,Happy Valley - Goose Bay,Williams Lake,Prince Rupert,Chilliwack,Radisson,Churchill,Port Hardy,Penticton,Drummondville,Brandon,Argentia,Kimmirut,Wiarton,Ottawa,Fort Chipewyan,Fort Nelson,Lynn Lake,Weyburn,Burns Lake,Nain,Prince George,Cochrane,Nipigon,Rivière-du-Loup,St.-Jerome,Geraldton,New Liskeard,Cat Lake,Tofino,Tsiigehtchic,Thompson,Abbotsford,Trois-Rivières,Peterborough,Amos,Chapleau,Athabasca,Red Deer,Belleville,Kapuskasing,Sioux Lookout,Winnipeg,Lake Louise,Banff,Doline,Cambridge Bay,Biggar,Nanaimo,Val d'Or,Hall Beach,Oxford House,The Pas,Meander River,Bathurst,Windsor,Victoriaville,Brockville,Hamilton,Kitchener,Victoria,Orangeville,Sandspit,Wawa,Kangirsuk,Shawinigan,Hearst,Pukatawagan,Arviat,Matagami,Saint John,Inuvik,Chesterfield Inlet,Rouyn-Noranda,Liverpool,Montréal,Shelburne,Yarmouth,Salluit,Ivugivik,Québec,Dawson City,Moncton,Digby,Fredericton,Dease Lake,Charlottetown,Inukjuak,Sarnia,Edmundston,Windsor,Joliette,Amherst,Sept-Îles
China,ASIA (EX. NEAR EAST),1313973713,9596960,5000.0,Lupanshui,Fengcheng,Yulin,Shishou,Yantai,Yishui,Zibo,Shanghai,Weifang,Yongzhou,Zunyi,Wuyuan,Shuangcheng,Shijianzhuang,Qinhuangdao,Guangshui,Nanchang,Nehe,Shangqiu,Hengshui,Xiaogan,Xiangtan,Xian,Tianjin,Daqing,Taian,Nangong,Shizuishan,Changsha,Shenyeng,Panshi,Jilin,Macheng,Mishan,Hengyang,Keshan,Haikou,Hohhot,Xinyang,Lhasa,Huinan,Zaozhuang,Laiwu,Suzhou,Xiantao,Kunming,Yiyang,Anshan,Bugt,Chaoyang,Fujin,Chengdu,Dunhua,Manzhouli,Fuyang,Xingyi,Harbin,Danjiangkou,Cangzhou,Fuxin,Anshun,Minxian,Nanning,Zhangjiakou,Baotou,Benxi,Zhengzhou,Huainan,Tongren,Hancheng,Huaiyin,Jieshou,Zicheng,Tieling,Beihai,Shanxian,Linyi,Shuangyashan,Yishan,Puqi,Fuyu,Maoming,Weinan,Dali,Shache,Tangshan,Jianmen,Fushun,Zhuozhou,Zhaotang,Pingxiang,Linfen,Jiutai,Dunhuang,Jinzhou,Laiyang,Guiyang,Fuzhou,Bengbu,Chuxiong,Hebi,Shuyang,Lingyuan,Jining,Buizhou,Langfang,Dingzhou,Baoding,Hangu,Liaoyuan,Yanji,Xuanzhou,Yingkow,Guangyuan,Tongling,Changling,Nongan,Gejiu,Mengzi,Luzhou,Tengchong,Huize,Zhanyi,Liuhe,Deyang,Yibin,Zhijiang,Shaoyang,Yueyang,Neijiang,Langzhong,Xichang,Wenshan,Xuzhou,Zigong,Mianyang,Shaowu,Suining,Panzhihua,Nanchong,Tonghua,Shaoguan,Chaozhou,Meizhou,Xiamen,Zhangzhou,Zhuhai,Putian,Foshan,Dongguan,Zhanjiang,Jiangmen,Huizhou,Qingyuan,Heyuan,Quanzhou,Longyan,Sanming,Ninde,Wuzhou,Zhaoqing,Wangqing,Shenzhen,Guilin,Liuzhou,Yuxi,Shantou,Nanping,Pingdingshan,Ningbo,Nanyang,Longxi,Linjiang,Changting,Jiujiang,Helong,Chifeng,Yichun,Jian,Anlu,Shaoxing,Shashi,Huangshi,Sanya,Shangrao,Bose,Simao,Wuhan,Yichang,Jingdezhen,Shiyan,Lianyungang,Tongliao,Kailu,Xiangfan,Jinshi,Xilinhot,Jincheng,Jining,Yangquan,Ergun Zuoqi,Shuozhou,Anxi,Pingdu,Jinan,Yuci,Pingyi,Guangzhou,Xigaze,Changde,Datong,Luoyang,Shulan,Changchun,Daan,Beipiao,Huanghua,Liaoyang,Handan,Chengde,Tumen,Bayan Obo,Alxa Zuoqi,Bairin Zuoqi,Linxi,Jiaozuo,Tianshui,Taiyuan,Hulin,Yunxian,Chamdo,Beijing,Wuxi,Longjiang,Maanshan,Shangdu,Changping,Hanggin Houqi,Changzhou,Fengjie,Weihai,Wuhu,Gannan,Jingmen,Arxan,Orongen Zizhiqi,Qingan,Dali,Baoshan,Lijiang,Yakeshi,Tailai,Baiquan,Hailar,Guide,Wanzhou,Rongzhag,Baishan,Jyekundo,Jixi,Xinyu,Boli,Wuchuan,Xinqing,Linxia,Anda,Nancha,Shihezi,Yichun,Karamay,Lanxi,Jiamusi,Suileng,Suihua,Zhaodong,Hailun,Zhuzhou,Nenjiang,Qinggang,Ningan,Yian,Mudangiang,Golmud,Jiayuguan,Pingxiang,Gyangze,Zhucheng,Zalantun,Shangzhi,Linkou,Pingliang,Zhangye,Angangxi,Tieli,Nagchu,Ganzhou,Hegang,Qinzhou,Beian,Yangjiang,Huaibei,Wuhai,Zixing,Anqing,Yaan,Hotan,Ürümqi,Lianxian,Wuwei,Tacheng,Luan,Altay,Qingdao,Liaocheng,Heihe,Leshan,Fulin,Erenhot,Puyang,Yancheng,Kashgar,Dezhou,Xiangtai,Rizhao,Heze,Gar,Jiaohe,Hechi,Xuanhua,Anyang,Kaifeng,Dengzhou,Xuchang,Xinxiang,Nyingchi,Yumen,Luohe,Zhoukou,Jinchang,Korla,Aksu,Fuan,Hami,Kuqa,Turpan,Quiemo,Yining,Linchuan,Linqing,Koktokay,Jinxi,Chongqing,Xining,Lanzhou,Yinchuan,Hefei,Ankang,Jiexiu,Xianyang,Yulin,Fengzhen,Baoji,Tongchuan,Hanzhong,Xinzhou,Changzhi,Houma,Hulan Ergi,Xinyi,Qiqihar,Taonan,Baicheng,Ulanhot,Qitaihe,Chenzhou,Nanjing,Nantong,Yangzhou,Zhenjiang,Taizhou,Suzhou,Jiaojing,Jiaxing,Hangzhou,Huzhou,Huangyan,Linhai,Wenzhou,Jinhua,Lishui,Quzhou,Fuyang,Wafangdian,Zhuanghe,Dalian,Siping,Dandong,Huanren
Colombia,LATIN AMER. & CARIB,43593035,1138910,6300.0,Tumaco,Sincelejo,Quibdó,Leticia,Inírida,Pasto,Ibagué,Nuquí,Cartago,Cali,Barranquilla,Barrancabermeja,Yarumal,San Andrés,Riohacha,Pereira,Armenia,Arjona,Cartagena,Tunja,Honda,Puerto Carreño,Tolú,El Carmen de Bolívar,Arauca,Neiva,Campoalegre,Puerto López,Villavicencio,San Martín,El Banco,Sabanalarga,Turbo,Mocoa,Medellín,Yopal,Ipiales,Ocaña,San José del Guaviare,San Vicente del Caguán,Puerto Berrío,Valledupar,Soledad,Bucaramanga,Socorro,Duitama,Montería,Sogamoso,Sonsón,Cúcuta,Chiquinquirá,Guapi,Buenaventura,Bogota,Pamplona,Magangué,Lorica,Ayapel,Ciénaga,Santa Marta,Orocue,Tuluá,Manizales,Girardot,Garzón,Florencia,Bello,Túquerres,Juradó,Tame,Mitú,Popayán
CongoDem. Rep.,SUB-SAHARAN AFRICA,62660551,2345410,700.0
Egypt,NORTHERN AFRICA,78887007,1001450,4000.0,Berenice,Beni Mazar,Samalut,El Mansura,Mallawi,El Minya,Siwa,Matruh,Qena,Salum,El Daba,El Faiyum,Asyut,Bur Safaga,El Alamein,Kom Ombo,El Giza,Isna,El Kharga,Qasr Farafra,Girga,El Qasr,Hurghada,Sohag,El Tur,Bur Said,Tanta,Ismaïlia,Suez,Beni Suef,Aswan,Cairo,Benha,Dumyat,Zagazig,Alexandria,Shibin el Kom,El Arish,Damanhûr,Luxor,Rashid,Kafr el Sheikh
Ethiopia,SUB-SAHARAN AFRICA,74777981,1127127,700.0,Adigrat,Aksum,Gondar,Nazret,Sodo,Asela,Dila,Nagele,Dembi Dolo,Dese,Bahir Dar,Hagere Hiywet,Gode,Giyon,Shashemene,Hosaina,Nekemte,Yirga Alem,Gore,Gimbi,Jima,Debre Markos,Dolo Bay,Arba Minch,Awasa,Asosa,Jijiga,Goba,Addis Ababa,Bati,Dire Dawa,Mekele,Debre Birhan,Harar
France,WESTERN EUROPE,60876136,547030,27600.0,Bastia,Lorient,Brest,Aix-en-Provence,Ajaccio,Marseille,Rennes,Nantes,Orléans,Paris,Clermont-Ferrand,Metz,Montpellier,Poitier,Bordeaux,Limoges,Dijon,Lille,Lyon,Strasbourg,Toulouse,Rouen,Amiens,Besançon,Caen,Vichy,Mulhouse,Biarritz,Cherbourg,Reims,Calais,Roanne,Dieppe,Le Havre,Brive,Béziers,St.-Brieuc,Angers,Le Mans,Arras,Troyes,Nancy,Nevers,Auxerre,Tours,Bourges,Versailles,Melun,La Rochelle,Agen,Annecy,Grenoble,Saint-Étienne,Toulon,Nice,Tarbes,Perpignan,Nîmes
Germany,WESTERN EUROPE,82422299,357021,27600.0,Berlin,Cologne,Munich,Potsdam,Kiel,Wiesbaden,Magdeburg,Bremen,Hannover,Düsseldorf,Saarbrücken,Schwerin,Hamburg,Stuttgart,Dresden,Erfurt,Mainz,Rostock,Kassel,Dortmund,Duisburg,Essen,Bonn,Bielefeld,Lübeck,Flensburg,Emden,Wuppertal,Münster,Osnabrück,Göttingen,Oldenburg,Stralsund,Braunschweig,Bremerhaven,Freiburg,Karlsruhe,Heidelberg,Ingolstadt,Passau,Rosenheim,Augsburg,Regensburg,Würzburg,Coburg,Hof,Ulm,Nürnberg,Fürth,Gießen,Mannheim,Frankfurt,Koblenz,Chemnitz,Cottbus,Jena,Gera,Leipzig
India,ASIA (EX. NEAR EAST),1095351995,3287590,2900.0,Kavaratti,New Delhi,Tezpur,Jullundur,Navsari,Asansol,Port Blair,Kota,Saharanpur,Bhuj,Gurgaon,Simla,Muzaffarpur,Gaya,Ratlam,Gwalior,Baramula,Guwahati,Dispur,Bidar,Pune,Ahmedabad,Haldia,Bhagalpur,Ujjain,Tonk,Agartala,Silchar,Vellore,Bharatpur,Siliguri,Gangtok,Cuttack,Alipur Duar,Bhubaneshwar,Dibrugarh,Jorhat,Hospet,Tuticorin,Sangli,Sholapur,Mumbai,Diu,Sirsa,Mangalore,Thiruvananthapuram,Kochi,Bangalore,Proddatur,Tirupati,Vadodara,Surat,Aizawl,Bhopal,Hyderabad,Chandigarh,Gandhinagar,Imphal,Kohima,Lucknow,Bijapur,Chennai,Guntur,Rajahmundry,Haora,Raurkela,Dhanbad,Bhatpara,Kolkata,Shillong,Puri,Krishnanagar,Jamshedpur,Jodhpur,Sikar,Barddhaman,Medinipur,Vishakhapatnam,Silvassa,Kolhapur,Latur,Pondicherry,Brahmapur,Bhiwandi,Rajkot,Kalyan,Coimbatore,Nasik,Porbandar,Parbhani,Akola,Ahmednagar,Aurangabad,Daman,Ranchi,Itanagar,Raipur,Kozhikode,Machilipatnam,Khammam,Kakinada,Panaji,Bhavnagar,Karnal,Rohtak,Hisar,Abohar,Agra,Alwar,Bhilwara,Udaipur,Meerut,Delhi,Rampur,Ludhiana,Sonipat,Dehra Dun,Ghaziabad,Faridabad,Amravati,Bhiwani,Gulbarga,Mathura,Hapur,Bhilai,Warangal,Raichur,Firozabad,Burhanpur,Ambala,Varanasi,Hathras,Shahjahanpur,Jabalpur,Patiala,Nagpur,Bulandshahr,Nanded,Hoshiarpur,Aligarh,Mirzapur,Bikaner,Srinagar,Jhansi,Fatehpur,Sagar,Bahraich,Kanpur,Gorakhpur,Jammu,Nizamabad,Faizabad,Sopore,Allahabad,Sambalpur,Pathankot,Bilaspur,Indore,Sitapur,Malegaon,Dhule,Panipat,Muzaffarnagar,Ongole,Jaipur,Moradabad,Pali,Vijayawada,Budaun,Bareilly,Aurangabad,Vizianagaram,Chirala,Ajmer,Pilibhit,Hindupur,Mandya,Karimnagar,Tumkur,Mysore,Hubli,Shimoga,Chandrapur,Bellary,Davangere,Amritsar,Belgaum,Etawah,Patna,Purnia,Bhusawal,Nandyal,Kurnool,Kolar,Nellore,Tiruvannamalai,Kanchipuram,Valparai,Tiruppur,Alappuzha,Kollam,Karur,Kumbakonam,Thanjavur,Nagercoil,Tirunelveli,Rajapalaiyam,Salem,Tiruchirappalli,Madurai,Cuddalore,Dindigul
Indonesia,ASIA (EX. NEAR EAST),245452739,1919440,3200.0,Sukabumi,Surakarta,Bogor,Magelang,Majene,Ende,Maumere,Kediri,Sibolga,Binjai,Tebingtinggi,Lhokseumawe,Bekasi,Malang,Pakalongan,Madiun,Tegal,Cirebon,Medan,Salatiga,Poso,Surabaya,Jakarta,Pematangsiantar,Probolinggo,Pasuruan,Mojokerto,Baubau,Parepare,Blitar,Watampone,Raba,Tuban,Pati,Kotabumi,Denpasar,Kuta,Biak,Perabumulih,Sungaipenuh,Manado,Timika,Amahai,Telukbutun,Sampit,Martapura,Jambi,Tanjungpandan,Sumenep,Tarakan,Sorong,Singkawang,Bukittinggi,Tasikmalaya,Sawahlunto,Langsa,Ruteng,Merauke,Banyuwangi,Jember,Nabire,Lahat,Cilacap,Indramayu,Praya,Waingapu,Ternate,Kualakapuas,Balikpapan,Bontang,Singaraja,Pinrang,Makale,Palopo,Luwuk,Tarutung,Padangsidempuan,Padangpanjang,Ambon,Padang,Banda Aceh,Bandar Lampung,Bandung,Bandjarmasin,Bengkulu,Gorontalo,Jayapura,Kendari,Kupang,Ujungpandang,Manokwari,Palangkaraya,Palembang,Palu,Pangkalpinang,Pekanbaru,Pontianak,Samarinda,Semarang,Serang,Tanjungpinang,Yogyakarta,Mataram,Tidore
Iran,ASIA (EX. NEAR EAST),68688433,1648000,7000.0,Bojnurd,Mahabad,Ardabil,Isfahan,Urmia,Zahedan,Bandar-e-Abbas,Kermanshah,Tabriz,Khorramabad,Hamadan,Yasuj,Sari,Birjand,Kerman,Ilam,Sanandaj,Abadan,Shiraz,Bandar-e Bushehr,Mashhad,Yazd,Semnan,Karaj,Maragheh,Borujerd,Amol,Saveh,Kashmar,Torbat-e Jam,Quchan,Khomeini Shahr,Shahrud,Ahar,Zabol,Qazvin,Sirjan,Marv Dasht,Bam,Qasr-e Shirin,Gonbad-e Kavus,Masjed Soleyman,Behbehan,Kashan,Fasa,Qomsheh,Varamin,Chabahar,Shar e Kord,Qom,Dezful,Gorgan,Rasht,Sabzewar,Tehran,Ahvaz,Malayer,Zanjan,Bijar,Neyshabur,Khvoy,Arak
Italy,WESTERN EUROPE,58133509,301230,26700.0,Venice,Trento,Cagliari,Rome,Trieste,Palermo,Marsala,Campobasso,L'Aquila,Civitavecchia,Catanzaro,Genoa,Ancona,Bologna,Potenza,Bari,Milan,Turin,Naples,Florence,Aosta,Perugia,Como,Novara,Asti,Sassari,Olbia,Modena,Ferrara,Ravenna,Treviso,Verona,Udine,Bolzano,Bergamo,Salerno,Pescara,Arezzo,Siena,Livorno,Pisa,Parma,Catania,Messina,Ragusa,Siracusa,Reggio di Calabria,Vibo Valentia,Crotone,Foggia,Barletta,Taranto,Brindisi,Lecce,Benevento,Caserta
Japan,ASIA (EX. NEAR EAST),127463611,377835,28200.0,Muroran,Iwaki,Sakata,Tottori,Maizuru,Hamamatsu,Takaoka,Asahikawa,Tsuruoka,Otaru,Kawagoe,Hachiōji,Hirosaki,Kure,Hachinohe,Matsumoto,Tokyo,Tomakomai,Obihiro,Nagaoka,Kōriyama,Shimonoseki,Sasebo,Kanoya,Kitakyūshū,Akita,Aomori,Fukui,Fukuoka,Fukushima,Gifu,Hiroshima,Kagoshima,Kanazawa,Kōbe,Kōchi,Kōfu,Kumamoto,Kyoto,Maebashi,Matsue,Matsuyama,Mito,Miyazaki,Morioka,Nagano,Nagasaki,Nagoya,Naha,Niigata,Ōita,Okayama,Ōsaka,Ōtsu,Sapporo,Sendai,Shizuoka,Takamatsu,Tokushima,Toyama,Tsu,Utsunomiya,Wakayama,Yamagata,Yokohama,Kawasaki,Kushiro,Kitami,Hakodate
Kenya,SUB-SAHARAN AFRICA,34707817,582650,1000.0,Namanga,Nairobi,Moyale,Malindi,Kisumu,Mwingi,Eldama Ravine,Nanyuki,Mombasa,Tsavo,Nyeri,Voi,Garissa,Kendu Bay,Kakamega,Sotik,Nakuru,Witu,Embu,Kericho,Kilifi,Kisii,Kitale,Lamu,Lodwar,Machakos,Maralal,Marsabit,Meru,Wajir,Bungoma,Eldoret,Karungu,Naivasha,Thika,Konza
KoreaSouth,ASIA (EX. NEAR EAST),48846823,98480,17800.0,Gyeongju,Iksan,Songnam,Ulsan,Wonju,Seoul,Ansan,Gunsan,Jeju,Jeonju,Busan,Incheon,Daegu,Gwangju,Daejeon,Changwon,Sokcho,Eumseong,Chuncheon,Goyang,Pohang,Puch'on,Cheongju,Mokpo,Yeosu,Andong,Suwon,Gangneung
Mexico,LATIN AMER. & CARIB,107449525,1972550,9000.0,Nacozari de García,Nueva Rosita,San Felipe,Zacatecas,Irapuato,Vicente Guerrero,San Quintín,Chetumal,Esperanza,Izamal,Ticul,Villahermosa,Mazatlán,Ciudad Victoria,Mexicali,Aguascalientes,Chihuahua,Guanajuato,Chilpancingo,Pachuca,Guadalajara,Cuernavaca,Monterrey,Lázaro Cárdenas,Miahuatlán,Mitla,Valladolid,Ciudad Constitución,Villa Unión,Eldorado,Tekax,Montemorelos,Xalapa,Teziutlán,Motul,Mérida,Guerrero Negro,Saltillo,Punta Prieta,Salina Cruz,Durango,Acatlan,Tepic,Tecuala,Ayutla,Huajuapan de León,Pochutla,Colima,Autlan,Coalcoman,Apatzingán,Halachó,Peto,Papasquiaro,Puerto Escondido,Hermosillo,Juchitan,San Luis Potosí,Culiacán,Uruapan,Tehuantepec,Salamanca,Mexico City,Zamora,Tlaxiaco,Petatlán,La Cruz,Allende,Agua Prieta,Piedras Negras,Reynosa,Ojinaga,La Paz,Tapachula,Escuintla,Atlixco,Orizaba,Taxco,Iguala,Cabo San Lucas,Villanueva,Tecpan,Atoyac,Jaltipan,La Barca,Querétaro,León,Pijijiapan,Campeche,Toluca,Tlaxcala,Oaxaca,Puebla,Tuxtla Gutiérrez,Lagos de Moreno,Progreso,Tuxpam,Balancán,Tizimín,Los Mochis,Altata,Navajoa,Santa Barbara,Ciudad Hidalgo,Parras,Hidalgo del Parral,Delicias,Ensenada,Linares,San Juan del Río,Minatitlán,Villa Ahumada,Tehuacan,Ciudad del Carmen,Morelia,Escuinapa,Nezahualcoyotl,Gómez Palacio,Paraíso,Frontera,Tenosique,Tecoman,Aldama,Loreto,Santa Rosalía,El Fuerte,Guasave,Manzanillo,Celaya,San Pedro de las Colonias,Monclova,Torreón,Nogales,Rio Verde,Tamuín,Tamazunchale,Ciudad Valles,Cardenas,Guamúchil,Tijuana,Cozumel,Isla Mujeres,Cancún,Felipe Carrillo Puerto,Champotón,Cuencame,Canatlan,Compostela,Santiago Ixcuintla,Tuxpan,Matehuala,Fresnillo,Valparaíso,Sabinas Hidalgo,Ascensión,Ciudad Juárez,Juan Aldama,Caborca,Magdalena,Mazatlán,Puerto Vallarta,Zumpango,Nuevo Laredo,Matamoros,San Fernando,Ciudad Madero,Tampico,Ciudad Mante,Tula,Ciudad Guzman,Ciudad Camargo,Cuauhtémoc,Nuevo Casas Grandes,Poza Rica de Hidalgo,Ometepec,Ciudad Altamirano,Huatabampo,Ciudad Obregon,Guaymas,Pánuco,Cananea,Acapulco,San Cristobal de Las Casas,Veracruz,Coatzacoalcos,Santiago Tuxtla,Córdoba,Nautla
Morocco,NORTHERN AFRICA,33241259,446550,4000.0,Kenitra,Goulimine,Fez,Casablanca,Agadir,Tangier,Settat,Oujda,Meknes,Rabat,Marrakesh,El Jadida,Er Rachidia,Tan Tan,Taza,Larache,Ksar El Kebir,Safi,Tiznit,Ouezzane
Nigeria,SUB-SAHARAN AFRICA,131859731,923768,900.0,Abuja,Uyo,Akure,Koko,Port Harcourt,Gombe,Nsukka,Potiskum,Damaturu,Wukari,Maiduguri,Kontagora,Jos,Ife,Abeokuta,Lagos,Ijebu Ode,Iwo,Oshogbo,Ilorin,Gusau,Minna,Ado Ekiti,Ibadan,Iseyin,Funtua,Katsina,Oyo,Ogbomosho,Benin City,Keffi,Lafia,Ondo,Lokoja,Sokoto,Kaduna,Kano,Zaria,Ikare,Owo,Dutse,Idah,Mubi,Orlu,Bama,Bauchi,Makurdi,Oturkpo,Onitsha,Awka,Enugu,Biu,Owerri,Calabar,Sapele,Opobo,Aba,Umuahia,Warri,Bida,Kumo,Azare,Gashua,Yola,Nguru,Jalingo,Numan,Birnin Kebbi
Pakistan,ASIA (EX. NEAR EAST),165803560,803940,2100.0,Karachi,Gilgit,Chaman,Turbat,Islamabad,Zhob,Quetta,Hyderabad,Mardan,Saidu,Jhang,Kasur,Lahore,Nawabshah,Chiniot,Bannu,Sadiqabad,Sukkur,Peshawar,Bahawalpur,Sargodha,Dera Ismail Khan,Kundian,Gwadar,Parachinar,Larkana,Kohat,Rahim Yar Khan,Mirput Khas,Dera Ghazi Khan,Gujranwala,Rawalpindi,Gujrat,Sialkote,Mansehra,Abbottabad,Multan,Sheikhu Pura,Sahiwal,Okara,Faisalabad
Philippines,ASIA (EX. NEAR EAST),89468677,300000,4600.0,Ozamis,Laoag,Cadiz,Calbayog,Gingoog,Tagum,Roxas,San Pablo,San Carlos,Cabanatuan,Baguio City,Manila,Batangas,Angeles,Bacolod,Butuan,Cagayan de Oro,Cebu,Cotabato,Dagupan,Davao,General Santos,Iligan,Iloilo,Legazpi,Naga,Olongapo,Ormac,Pagadian,Pasay City,Puerto Princesa,Quezon City,Surigao,Tacloban,Tarlac,Tuguegarao,Vigan,Zamboanga
Poland,EASTERN EUROPE,38536869,312685,11100.0,Łódź,Lublin,Wrocław,Białystok,Poznań,Zielona Góra,Bydgoszcz,Szczecin,Gdańsk,Olsztyn,Katowice,Rzeszów,Kraków,Opole,Kielce,Gdynia,Grudziądz,Inowrocław,Gliwice,Bytom,Warsaw,Elbląg,Ełk,Koszalin
Russia,C.W. OF IND. STATES,142893540,17075200,8900.0,Volgodonsk,Saskylakh,Polevskoy,Saranpaul,Severnyy,Pervouralsk,Novy Port,Pugachev,Numto,Novy Urengoy,Novyy Uoyin,Nizhny Novgorod,Miass,Omsk,Naltchik,Mirnyy,Monchegorsk,Nyagan,Maykop,Kirensk,Kolpino,Khorgo,Kislovodsk,Guryevsk,Ivdel,Gusinoozyorsk,Kamenka,Kargat,Kasimov,Kolomna,Khanty Mansiysk,Dimitrovgrad,Cheremkhovo,Gornyak,Blagodarnyy,Bodaybo,Biysk,Abakan,Angarsk,Birsk,Pskov,Smolensk,Put Lenina,Kemerovo,Kolpashevo,Polyarnyy,St. Petersburg,Pyatigorsk,Nefteyugansk,Chernogorsk,Lensk,Krasnoarmeysk,Saratov,Shira,Solnechnogorsk,Irkutsk,Noyabrsk,Yurga,Zelenokumsk,Olenek,Salekhard,Borovichi,Kaluga,Izhevsk,Volsk,Cherepovets,Pallasovka,Peregrebnoye,Tyumen,Toguchin,Nadym,Matochkin Shar,Kurtamysh,Barnaul,Kimry,Elista,Gorno Altaysk,Surgut,Cheboksary,Mariinsk,Safonovo,Sayanogorsk,Roslavl,Rubtsovsk,Slyudyanka,Laryak,Abaza,Velikiy Novgorod,Klin,Bagdarin,Kovrov,Sokol,Engels,Gatchina,Nizhnyaya Tura,Mundybash,Prokopyevsk,Kiselevsk,Novokuznetsk,Luga,Moscow,Slavgorod,Kulunda,Krasnoturinsk,Vladikavkaz,Amderma,Varnek,Leninsk Kuznetsky,Mozdok,Tashtagol,Megion,Balashov,Zima,Samara,Vyazma,Igrim,Norilsk,Belebey,Kalachinsk,Vologda,Orenburg,Vyborg,Svetogorsk,Cherlak,Mezen,Buzuluk,Kupina,Karasuk,Saransk,Barabinsk,Bukachacha,Alatyr,Shilka,Sherlovaya Gora,Nerchinsk,Olovyannaya,Borzya,Bugulma,Strezhevoy,Nizhenvartovsk,Anzhero Sudzhensk,Rayevskiy,Chita,Artemovskiy,Ryazan,Bezhetsk,Novomoskovsk,Zheleznogorsk,Alapayevsk,Starsy Oskol,Rostov,Gubkin,Kumertau,Oktyabrskiy,Zheleznogorsk Ilimskiy,Noginsk,Staraya Russa,Tikhvin,Asbest,Yoshkar Ola,Ufa,Krasnokamensk,Orsk,Novotroitsk,Bologoye,Mikhaylovka,Novozybkov,Chapayevsk,Novokuybishevsk,Tavda,Michurinsk,Serov,Alekseyevka,Valuyki,Tuymazy,Lgov,Rybinsk,Uglich,Slantsy,Vyska,Armavir,Stavropol,Bryansk,Kropotkin,Shchekino,Derbent,Nikolayevsk,Tula,Murom,Plast,Kamyshin,Syzran,Kuznetsk,Gelendzhik,Sharya,Murmansk,Isikul,Frolovo,Severomorsk,Dzerzhinsk,Yalutorovsk,Uryupinsk,Golyshmanovo,Nazyvayevsk,Tatarsk,Sarapul,Tayshet,Nevinnomyssk,Velikiye Luki,Nizhnekamsk,Kirov,Dyatkovo,Tara,Borisoglebsk,Klintsy,Mozhga,Rzhev,Naberezhnyye Chelny,Vichuga,Mtsensk,Kanash,Topki,Shuya,Torzhok,Biryusinsk,Otradnyy,Serpukhov,Balakovo,Atkarsk,Kirovo-Chepetsk,Kirov,Serdobsk,Aleksin,Shumerlya,Yefremov,Buynaksk,Kaspiysk,Makhachkala,Yaroslavl,Sovetsk,Salavat,Sterlitamak,Bogoroditsk,Morshansk,Obninsk,Georgievsk,Sol-lletsk,Vladimir,Pechora,Ulyanovsk,Kirsanov,Kotovsk,Tambov,Volkhov,Vyshnniy Volochek,Orel,Kandalaksha,Ussuriysk,Petrozavodsk,Votkinsk,Omutninsk,Novoaltaysk,Ust' Ordynskiy,Kirs,Kondopoga,Ruzayevka,Tver,Kotelnich,Kaliningrad,Penza,Velikiy Ustyug,Aleysk,Balakhna,Podolsk,Kineshma,Yegoryevsk,Volzhskiy,Volgograd,Onega,Cherepanovo,Apatity,Umba,Kovda,Kirovsk,Iskitim,Belgorod,Taganrog,Velsk,Sasovo,Voronezh,Syktyvkar,Krasnoufimsk,Lipetsk,Yelets,Ust Kut,Magnitogorsk,Gryazi,Kazan,Arzamas,Buy,Kostroma,Zelenodolsk,Nizhneudinsk,Chistopol,Perm,Nizhny Tagil,Kem,Belomorsk,Ob,Novosibirsk,Cherkessk,Livny,Sibay,Kursk,Verkhnyaya Salda,Naryan Mar,Kyshtym,Krasnouralsk,Almetyevsk,Archangel,Verkhniy Ufaley,Chusovoy,Nikel,Zlatoust,Nevyansk,Sochi,Novoshakhtinsk,Bugrino,Shakhty,Bataysk,Astrakhan,Kotlas,Indiga,Severouralsk,Akhtubinsk,Shoyna,Sosnogorsk,Shebekino,Ukhta,Yemanzhelinsk,Bakal,Troitsk,Yekaterinburg,Segezha,Kamensk Uralskiy,Karpinsk,Usinsk,Kudymkar,Vikhorevka,Bratsk,Glazov,Solikamsk,Severodvinsk,Mednogorsk,Gay,Dombarovskiy,Kungur,Gubakha,Kurgan,Ust-Ulimsk,Slobodskoy,Kizel,Leninogorsk,Rostov,Orekhovo-Zuevo,Buguruslan,Turukhansk,Zmeinogorsk,Ulan Ude,Teli,Asino,Vladivostok,Shadrinsk,Vorontsovo,Kyzyl,Tazovsky,Nazran,Groznyy,Krasnokamsk,Asha,Berezniki,Nelidovo,Ivanovo,Sergiyev Posad,Tolyatti,Uelen,Skovorodino,Kyakhta,Zvezdnyy,Dalnerechensk,Bikin,Magdagachi,Shimanovsk,Zeya,Neftekamsk,Nordvik,Khatanga,Agapa,Yessey,Nakhodka,Partizansk,Kodinskiy,Khabarovsk,Boyarka,Savetskaya Gavan,Uyar,Bogotol,Lesosibirsk,Noginsk,Artemovsk,Podkamennaya,Dikson,Igarka,Komsa,Kansk,Arsenyev,Starorybnoye,Zaozernyy,Achinsk,Omolon,Pevek,Mikhalkino,Lesozavodsk,Pokrovsk,Olyokminsk,Svobodnyy,Omsukchan,Tynda,Omchak,Progress,Belogorsk,Susuman,Amursk,Kavalerovo,Dalnegorsk,Ishim,Yakutsk,Kamenna Obi,Severobaykalsk,Trofimovsk,Novorossiysk,Inta,Gyda,Uray,Tobolsk,Suntar,Vorkuta,Uzhur,Bilibino,Tiksi,Beringovskiy,Okha,Nogliki,Ambarchik,Spassk Dalniy,Komsomolsk na Amure,Ust Kamchatsk,Sagastyr,Birobidzhan,Obluchye,Manily,Chersky,Bol'sheretsk,Oktyabrskiy,Chegdomyn,Evensk,Utkholok,Karamken,Kartaly,Siglan,Ust Nera,Pakhachi,Nakhodka,Magadan,Menkere,Strelka,Tunguskhaya,Sangar,Terbyas,Zhigansk,Vilyuysk,Verkhnevilyuysk,Klyuchi,Palatka,Krasnoyarsk,Mukhomornoye,Anadyr,Logashkino,Srednekolymsk,Zyryanka,Ayan,Vyazemskiy,Chumikan,Ugolnye Kopi,Ulkan,Zhilinda,Yeniseysk,Ust Olensk,Udachnyy,Chernyshevskiy,Okhotsk,Makarov,Dolinsk,Lavrentiya,Korsakov,Yuzhno Sakhalinsk,Khilok,Khandyga,Nikolayevsk na Amure,Ust Maya,Chagda,Eldikan,Verkhoyansk,Ust Kuyga,Poronaysk,Aldan,Uglegorsk,Nizhneyansk,Neryungri,Taksimo,Vanino,De Kastri,Provideniya,Tukchi,Nyukzha,Severo Kurilsk,Egvekinot,Khakhar,Batagay,Il'pyrskiy,Enurmino,Korf,Vitim,Timashevsk,Tikhoretsk,Tuapse,Apsheronsk,Yeysk,Labinsk,Yerema,Tomsk,Krasnogorsk,Kholmsk,Aleksandrovsk Sakhalinskiy,Nevelsk,Zemlya Bunge,Chokurdakh,Tulun,Chelyabinsk,Shalaurova,Mogocha,Petrovsk Zabaykalskiy,Blagoveshchensk,Usolye Sibirskoye,Krasnodar,Petropavlovsk Kamchatskiy,Millerovo,Salsk,Belaya Kalitva,Kamensk Shakhtinskiy,Chernyakhovsk,Sovetsk,Aginskoye,Tura,Palana,Dudinka,Novocherkassk
South Africa,SUB-SAHARAN AFRICA,44187637,1219912,10700.0,Pretoria,Lebowakgomo,Potchefstroom,Graaff Reinet,Rustenburg,Brandfort,Vryheid,Vereeniging,Brits,Bethlehem,Ubomba,Polokwane,Springbok,Thohoyandou,Pietermaritzburg,Poffader,Carnarvon,Kroonstad,Alexander Bay,Bloemhof,Hermanus,Bethal,Upington,Tzaneen,Vanhynsdorp,Musina,Kimberley,Durban,Klerksdorp,Welkom,De Aar,Prieska,Saldanha,Middelburg,Port St. Johns,Volksrust,Ulundi,Beaufort West,Komatipoort,Standerton,Johannesburg,Kuruman,Paarl,Worcester,Colesberg,Umtata,Aliwal North,Middelburg,Springs,Benoni,Port Shepstone,Oudtshoorn,Port Elizabeth,Port Alfred,East London,Mossel Bay,Vryburg,Uitenhage,Bhisho,Knysna,Queenstown,Cradock,Bredasdorp,Swellendam,Ladysmith,George,Grahamstown,Mmabatho,Bloemfontein,Cape Town
Spain,WESTERN EUROPE,40397842,504782,22000.0,Vitoria,Santander,Logroño,Barcelona,Mataró,Oviedo,Arrecife,Las Palmas,Toledo,Lorca,Zaragoza,Murcia,Gijón,Linares,Cartagena,Vigo,Valladolid,Santiago de Compostela,Mérida,Algeciras,Marbella,Almería,Córdoba,Granada‎,Jaén,Málaga,Albacete,Guadalajara,Burgos,León,Salamanca,Huelva,Cádiz,Ceuta,Melilla,Tarragona,Badajoz,La Coruña,Ourense,Bilbao,Santa Cruz de Tenerife,Seville,Pamplona,Palma,Valencia,Madrid,San Sebastián,Alicante,Castello
Sudan,SUB-SAHARAN AFRICA,41236378,2505810,1900.0,Omdurman,Shendi,El Manaqil,Khartoum,Atbara,Ed Dueim,Haiya,Tokar,Merowe,Kosti,Wadi Halfa,Sennar,Kerma,Berber,Umm Ruwaba,Muglad,Babanusa,En Nuhud,Geneina,Gedaref,EdDamer,Ad Damazīn,El Fasher,Port Sudan,El Obeid,Kadugli,Niyala,Dongola,Kassala,Medani
Tanzania,SUB-SAHARAN AFRICA,37445392,945087,600.0,Sumbawanga,Mtwara,Mbeya,Zanzibar,Uvinza,Musoma,Tanga,Kigoma,Kakonko,Moshi,Arusha,Lindi,Kilindoni,Kibiti,Mikumi,Chake Chake,Kasulu,Biharamulo,Bukoba,Iringa,Songea,Ngara,Mwanza,Wete,Babati,Singida,Morogoro,Tabora,Dodoma,Dar es Salaam,Ifakara,Tunduma,Tunduru,Itigi,Masasi,Kipili,Tukuyu,Manyoni,Mbamba Bay,Nzega,Ngorongoro,Kanyato,Kilosa,Same,Sikonge,Korogwe,Bagamoyo,Kibaha,Mpwapwa,Oldeani,Karema,Nyahanga,Mbulu,Kahama,Shinyanga,Geita,Mkokotoni,Mpanda,Njombe
Thailand,ASIA (EX. NEAR EAST),64631595,514000,7400.0,Chiang Rai,Bangkok,Samut Prakan,Rayong,Chon Buri,Si Racha,Phitsanulok,Yala,Phayao,Phatthalung,Nong Khai,Sukhothai,Sing Buri,Satun,Ranong,Prachin Buri,Roi Et,Phuket,Phrae,Phichit,Phetchabun,Chaiyaphum,Chanthaburi,Chainat,Chachoengsao,Ang Thong,Surat Thani,Ayutthaya,Phangnga,Lampang,Kalasin,Nakhon Sawan,Nakhon Phanom,Maha Sarakham,Lop Buri,Loei,Uthai Thani,Trang,Phetchaburi,Yasothon,Surin,Uttaradit,Mae Hong Son,Samut Songkhram,Aranyaprathet,Tak,Chiang Mai,Narathiwat,Songkhla,Hat Yai,Ubon Ratchathani,Trat,Kanchanaburi,Bua Yai,Sakhon Nakhon,Lamphun,Nakhon Pathom,Ratchaburi,Udon Thani,Samut Sakhon,Sisaket,Supham Buri,Nakhon Ratchasima,Nonthaburi,Mae Sot,Khon Kaen,Thung Song,Nakhon Si Thammarat,Krabi,Pathum Thani,Nakhon Nayok,Prachuap Khiri Khan,Nan,Hua Hin,Kamphaeng Phet,Chumphon,Pattani,Buriram,Saraburi
Turkey,NEAR EAST,70413958,780580,6700.0,Isparta,Sivas,Kilis,Edirne,Bingöl,Corum,Batman,Rize,Adıyaman,Bitlis,Trabzon,Mardin,Gaziantep,Sinop,Manisa,Aydın,Giresun,İskenderun,Kahramanmaraş,Adana,Kayseri,Samsun,Yozgat,Bafra,Amasya,Tokat,Niğde,Kırıkkale,Burdur,Kırşehir,Karabük,Karaman,Nevşehir,Polatlı,Afyon,Kastamonu,Bolu,Antalya,Konya,Çankırı,Ankara,Balıkesir,Zonguldak,Eskişehir,Adapazarı,İzmit,Bilecik,Istanbul,Denizli,Muğla,Tekirdağ,Kütahya,Kırklareli,Uşak,Söke,Hatay,Malatya,Elâzığ,Artvin,Hakkâri,Samandagi,Gümüşhane,Tunceli,Erzincan,Ağrı,Muş,İzmir,Van,Kars,Diyarbakır,Erzurum,Lüleburgaz,Bursa,Çanakkale,Tarsus,Tatvan,Nusaybin,Ordu,Siirt,Ereğli,Şanlıurfa
Ukraine,C.W. OF IND. STATES,46710816,603700,5400.0,Uzhgorod,Kiev,Ivano-Frankivsk,Kherson,Donetsk,Khmelnytskyy,Makiyivka,Mykolayiv,Lvov,Odessa,Kharkiv,Zaporizhzhya,Luhansk,Sumy,Ternopil,Poltava,Vinnytsya,Lutsk,Chernivtsi,Cherkasy,Mariupol,Chernobyl,Zhytomyr,Horlivka,Kramatorsk,Lysychansk,Melitopol,Chernihiv,Nizhyn,Berdyansk,Kovel,Kupyansk,Nikopol,Rivne,Uman,Drohobych,Konotop,Voznesensk,Korosten,Kamyanets-Podilskyy,Shostka,Kryvyy Rih,Izmayil,Bila Tserkva,Brovary,Kremenchuk,Kirovohrad,Dnipro,Illichivsk
United Kingdom,WESTERN EUROPE,60609153,244820,27700.0,Wick,Oxford,Edinburgh,Sunderland,Swansea,Nottingham,Reading,Kingston upon Hull,Coventry,Leicester,Norwich,Bradford,Sheffield,Lerwick,Cambridge,Carlisle,Kirkwall,Blackpool,Bournemouth,Fort William,Dumfries,Luton,Bristol,Penzance,Perth,Southend-on-Sea,Aberdeen,Dundee,Ipswich,Birmingham,Stoke,Leeds,Bath,Ayr,Peterborough,Southampton,Plymouth,Portsmouth,Exeter,Manchester,Inverness,London,Brighton,Glasgow,Cardiff,Dover,Greenock,Middlesbrough,Scarborough,York,Liverpool,Chester,Newcastle,Londonderry,Omagh,Belfast
United States,NORTHERN AMERICA,298444215,9631420,37800.0,Renton,Chehalis,Mercer Island,Lynnwood,Mountlake Terrace,Liberty Lake,Airway Heights,Brier,Kelso,Lacey,Selah,Edmonds,Lake Forest Park,Pacific,Federal Way,Mill Creek,Lakewood,Arlington,Sammamish,Covington,Sedro-Woolley,Normandy Park,SeaTac,Steilacoom,West Richland,Prosser,Maple Valley,Auburn,Burlington,Bainbridge Island,Edgewood,Shoreline,University Place,Poulsbo,Hoquiam,Kent,Mukilteo,Kirkland,Redmond,Tukwila,Fife,Port Orchard,Lake Stevens,Tacoma,Woodinville,Puyallup,Sumner,Bothell,Tumwater,Duvall,Monroe,Clarkston,Gig Harbor,Des Moines,Snohomish,Richland,Washougal,Bonney Lake,Spokane Valley,Bellevue,Newcastle,North Bend,Enumclaw,Kenmore,DuPont,Milton,East Wenatchee,Camas,Blaine,Union Gap,Pasco,Issaquah,Orting,Fircrest,Vancouver,Battle Ground,College Place,Ferndale,Everett,Burien,Manassas Park,Fairfax,Waynesboro,Radford,Herndon,Chesapeake,Norfolk,Dumfries,Petersburg,Falls Church,Manassas,Suffolk,Warrenton,Bridgewater,Vinton,Portsmouth,Newport News,Salem,Leesburg,Bristol,Ashland,Hampton,Alexandria,Vienna,Poquoson,Abingdon,Hopewell,Christiansburg,Colonial Heights,Newark,Seaford,Elsmere,Wilmington,New Castle,Smyrna,Kaukauna,Oconomowoc,Verona,North Fond du Lac,Windsor,Howard,Chippewa Falls,Fitchburg,Monona,Little Chute,Mount Pleasant,Shorewood,Greenfield,Greendale,Suamico,Pewaukee,Hartland,Hartford,Plover,Twin Lakes,Pleasant Prairie,Muskego,Kronenwetter,Lake Hallie,Slinger,Jefferson,Hales Corners,Sussex,Onalaska,Middleton,Waterford,De Forest,Hobart,Kimberly,Sun Prairie,Grafton,Cudahy,Caledonia,Menomonee Falls,Rothschild,Weston,Germantown,Port Washington,South Milwaukee,Elm Grove,Jackson,Brookfield,Cottage Grove,Saint Francis,Sheboygan Falls,De Pere,Stoughton,West Allis,Altoona,Harrison,Holmen,Allouez,Fox Point,Waukesha,Bristol,Glendale,Two Rivers,Bellevue,Mequon,Menasha,Whitefish Bay,Waunakee,Oak Creek,Ashwaubenon,Brown Deer,Richfield,McFarland,Superior,Franklin,Delafield,Wauwatosa,Neenah,Somers,Milton,Sturtevant,New Berlin,Cedarburg,South Charleston,Hurricane,Martinsburg,Dunbar,Saint Albans,Bridgeport,Ranson,Princeton,Oak Hill,Moundsville,Nitro,Vienna,Tequesta,North Palm Beach,Miami Springs,Bradenton,Winter Springs,Mascotte,Miami Lakes,Estero,Ormond Beach,Dade City,Brooksville,Daytona Beach,Pinellas Park,Wildwood,Edgewater,Key Biscayne,Pembroke Pines,Lighthouse Point,Seminole,New Port Richey,Venice,Clearwater,Lady Lake,South Bay,South Miami,Oviedo,Oldsmar,Saint Cloud,Aventura,Cooper City,Valparaiso,Wilton Manors,Ocoee,Niceville,Palmetto Bay,Winter Garden,Port Orange,Saint Pete Beach,Tarpon Springs,Callaway,West Miami,Panama City Beach,Orange City,Sanford,Lake Mary,Royal Palm Beach,Lauderdale-by-the-Sea,West Park,Palmetto,West Palm Beach,Eustis,Boynton Beach,Fort Walton Beach,Miramar,Avon Park,Safety Harbor,Miami Beach,Lake Wales,Atlantic Beach,Delray Beach,Oakland Park,Sunrise,Sunny Isles Beach,DeLand,Hollywood,Fort Myers Beach,Lake Park,Lantana,Vero Beach,Pembroke Park,DeBary,Miami Gardens,Saint Petersburg,West Melbourne,Fort Myers,Naples,Newberry,Minneola,Hallandale Beach,Sanibel,Groveland,Coral Gables,Lauderhill,Doral,Tavares,Treasure Island,Fruitland Park,Altamonte Springs,Largo,Holly Hill,Tamarac,Kenneth City,Jupiter,Gulfport,Lynn Haven,Pinecrest,Pompano Beach,Palm Beach,Rockledge,Destin,Riviera Beach,Palm Springs,Inverness,Sebastian,Clermont,Temple Terrace,Wellington,Maitland,Gulf Breeze,Stuart,Mount Dora,Lauderdale Lakes,Plantation,Cutler Bay,Florida City,Belle Isle,North Lauderdale,Apopka,Fort Pierce,Satellite Beach,Coconut Creek,Deerfield Beach,Palm Beach Gardens,Indian Harbour Beach,Jacksonville Beach,Parkland,Auburndale,Opa-locka,North Miami Beach,Plant City,Dunedin,Miami Shores,Lake Alfred,Milton,Longboat Key,Hialeah,Casselberry,Neptune Beach,South Pasadena,Surfside,Davie,Bartow,Margate,Cape Canaveral,Cocoa Beach,Cocoa,New Smyrna Beach,Dania Beach,Fort Lauderdale,Green Cove Springs,Lake Worth,Saint Augustine Beach,Homestead,Boca Raton,Orange Park,Haines City,Winter Park,Punta Gorda,Hialeah Gardens,North Miami,Sweetwater,North Bay Village,Springfield,South Daytona,Weston,Coral Springs,Southwest Ranches,Melbourne,Longwood,Bay Harbor Islands,Rochester,Somersworth,Somers Point,Bayonne,Ridgefield Park,Closter,Belmar,Somerdale,Bloomingdale,Burlington,Ocean City,Metuchen,Paramus,Hoboken,Woodcliff Lake,Eatontown,New Providence,North Caldwell,South River,Hopatcong,Franklin Lakes,Manville,Tinton Falls,Madison,Glen Rock,Emerson,Guttenberg,Rockaway,Totowa,Gloucester City,Wanaque,Montvale,East Rutherford,Plainfield,Spotswood,Paterson,Fair Haven,Clayton,West New York,Ringwood,Keyport,River Edge,Kenilworth,Red Bank,Perth Amboy,Milltown,Ridgewood,Leonia,Wildwood,Kearny,Hackensack,Manasquan,Phillipsburg,Oceanport,Bergenfield,Fanwood,Little Silver,Elizabeth,Hawthorne,Ridgefield,New Milford,Chatham,Highland Park,Matawan,Upper Saddle River,Pompton Lakes,Mount Arlington,Westfield,Fort Lee,North Arlington,Prospect Park,Pleasantville,Glen Ridge,Wharton,Union Beach,Audubon,Haddon Heights,Oradell,Bellmawr,Brigantine,Dumont,Boonton,Summit,Carteret,Margate City,Tenafly,Runnemede,Pitman,Linwood,Allendale,South Amboy,Waldwick,Jersey City,South Plainfield,Hackettstown,Absecon,Raritan,Union City,Garfield,Old Tappan,Morristown,West Long Branch,Millville,Northfield,Lincoln Park,Newark,Bernardsville,Ventnor City,Camden,Butler,Paulsboro,Linden,Berlin,Florham Park,Long Branch,Lodi,Hasbrouck Heights,Dunellen,Hightstown,Rahway,Woodbury,Princeton,Roselle Park,New Brunswick,Wood-Ridge,Bound Brook,Mountainside,Cliffside Park,Harrison,Edgewater,Somerville,Palmyra,Middlesex,North Haledon,Midland Park,Fairview,Stratford,Sayreville,Carlstadt,Bogota,Pine Hill,Palisades Park,North Plainfield,Cresskill,Keansburg,Fair Lawn,Rumson,East Orange,Watchung,Westwood,Caldwell,Barrington,Beachwood,Freehold,Roseland,Passaic,Rutherford,Hillsdale,Point Pleasant,Little Ferry,Asbury Park,Glassboro,Roselle,Haledon,Elmwood Park,Ramsey,Jamesburg,Englewood,Norwood,Lindenwold,Englewood Cliffs,Collingswood,Maywood,Haddonfield,Kinnelon,Wallington,Park Ridge,Morris Plains,Dover,Clifton,Oakland,Secaucus,Sunland Park,Los Ranchos de Albuquerque,Anthony,Rio Rancho,Bernalillo,Corrales,Belen,Roma-Los Saenz,Frisco,Cedar Hill,Pasadena,Woodway,Crowley,Irving,Coppell,Lucas,Arlington,Addison,Pharr,Fort Worth,White Oak,Rosenberg,Vidor,New Braunfels,Alamo Heights,Angleton,Duncanville,Galena Park,Lewisville,DeSoto,Watauga,Willow Park,West University Place,Harker Heights,Little Elm,Georgetown,Fairview,Freeport,Belton,Portland,Lumberton,Alamo,Haltom City,La Feria,Melissa,Waxahachie,Mission,Keller,Fulshear,Orange,Bellmead,Sunnyvale,Friendswood,Azle,Trophy Club,Roma,Carrollton,Kirby,Kyle,Webster,Terrell Hills,Deer Park,Euless,Southlake,Hurst,Royse City,Murphy,Pflugerville,Farmers Branch,Manvel,Allen,San Juan,Highland Village,Tomball,Sugar Land,Leon Valley,San Elizario,Plano,Mesquite,Prosper,Hitchcock,Baytown,North Richland Hills,Seabrook,Celina,Bridge City,Cibolo,Gladewater,Balch Springs,Lancaster,Garland,Wake Village,La Porte,Leander,Nederland,Rowlett,Kennedale,Joshua,Buda,Richmond,Humble,Bulverde,Grapevine,Forest Hill,Edinburg,Hutchins,Highland Park,Hidalgo,Helotes,Selma,Rockwall,Midlothian,Heath,Robinson,Jersey Village,Glenn Heights,Bedford,Keene,Lacy-Lakeview,Round Rock,Palmview,Willis,Bellaire,Lakeway,Princeton,Corinth,Jacinto City,Donna,Roanoke,Live Oak,University Park,Bee Cave,Alvin,Red Oak,San Benito,Anthony,Bryan,Wylie,Hewitt,Universal City,Los Fresnos,Mont Belvieu,Progreso,Cedar Park,Schertz,Sachse,River Oaks,Everman,Seagoville,Whitehouse,Weslaco,White Settlement,Missouri City,Stafford,Conroe,La Marque,Katy,Aransas Pass,Dickinson,Flower Mound,Horizon City,Alton,Mercedes,Denison,The Colony,Saginaw,Benbrook,Santa Fe,Port Neches,Mansfield,League City,South Houston,Richardson,Clute,Groves,Windcrest,Elsa,Grand Prairie,Socorro,Burleson,Colleyville,Lake Dallas,Pearland,Fair Oaks Ranch,Copperas Cove,Fate,Converse,Hutto,Richland Hills,Denham Springs,Westwego,Zachary,Sulphur,Youngsville,Ponchatoula,Carencro,Gonzales,Covington,Gretna,Pineville,Saint Gabriel,Patterson,West Monroe,Harahan,Grambling,Kenner,Central,Thibodaux,Plaquemine,Broussard,Baker,Walker,Port Allen,New Iberia,Bossier City,Scott,Marvin,Wake Forest,Hamlet,Black Mountain,Waynesville,Davidson,Mount Holly,Weddington,Oak Ridge,Wesley Chapel,Zebulon,Clayton,Summerfield,King,Salisbury,Monroe,Trinity,Conover,Winterville,Mint Hill,Newton,Rolesville,Pineville,Stokesdale,Thomasville,Elon,Selma,Carolina Beach,Holly Springs,Matthews,Woodfin,Hendersonville,Fletcher,Angier,Mebane,Kannapolis,Leland,Chapel Hill,Lexington,Knightdale,Gibsonville,Statesville,Cornelius,Aberdeen,Lenoir,Mills River,Cary,Stallings,Garner,Morganton,Southern Pines,Nashville,Harrisburg,Graham,Unionville,Fuquay-Varina,Indian Trail,Archdale,Waxhaw,Belmont,Hillsborough,Clemmons,Mooresville,Morrisville,Hope Mills,Walkertown,Spring Lake,Huntersville,Ayden,Sawmills,Apex,Kernersville,Kings Mountain,Lewisville,Carrboro,Bessemer City,Mandan,Watford City,West Fargo,Ralston,Gretna,Gering,La Vista,Papillion,Bellevue,South Sioux City,Jonesborough,Lakeland,Red Bank,La Vergne,Oak Ridge,Elizabethton,Millersville,Church Hill,East Ridge,Gallatin,Loudon,Lenoir City,Jefferson City,Munford,Alcoa,Clinton,Bartlett,Millington,Hendersonville,Pigeon Forge,Mount Juliet,Kingston,Greenbrier,Soddy-Daisy,Mount Carmel,Thompson's Station,Germantown,Farragut,Nolensville,Smyrna,White House,Rockwood,Collierville,Brentwood,Maryville,Franklin,Goodlettsville,Collegedale,Signal Mountain,Malverne,Valley Stream,Great Neck Plaza,Goshen,Williston Park,New Hempstead,Port Chester,Canandaigua,Mechanicville,Wappingers Falls,Colonie,Airmont,North Syracuse,Fredonia,Pelham Manor,Lake Grove,North Hills,Suffern,New Rochelle,Chestnut Ridge,Waterloo,Dobbs Ferry,Ossining,Hamburg,Lindenhurst,Lynbrook,Schenectady,Newburgh,Tarrytown,Queens,Wesley Hills,Freeport,Hastings-on-Hudson,Mastic Beach,Horseheads,Pelham,Cohoes,Pleasantville,White Plains,Bronxville,Massapequa Park,Bayville,Mount Kisco,Elmsford,Rye Brook,Westbury,Northport,New Square,Sea Cliff,Floral Park,East Hills,Amityville,Williamsville,Rockville Centre,Croton-on-Hudson,Monroe,Peekskill,Herkimer,New Paltz,Kiryas Joel,Farmingdale,Niagara Falls,Lackawanna,West Haverstraw,Endicott,Manorhaven,Babylon,Watervliet,Hempstead,Scarsdale,Bronx,Fulton,Briarcliff Manor,Irvington,Washingtonville,Mineola,Patchogue,Johnson City,Tonawanda,Mamaroneck,East Rochester,Depew,Rye,Haverstraw,Harrison,Hudson Falls,Garden City,Port Jefferson,Baldwinsville,Ballston Spa,Fairport,Woodbury,Hilton,North Tonawanda,Webster,East Rockaway,Kaser,Kenmore,Long Beach,Tuckahoe,Troy,Nyack,Great Neck,Larchmont,Rensselaer,Cedarhurst,Yonkers,Lawrence,Brooklyn,Spring Valley,Kings Point,Lancaster,Sleepy Hollow,Manhattan,Beacon,Mount Vernon,Johnstown,Solvay,Glen Cove,Scotia,Staten Island,New Hyde Park,Exeter,Millersville,Camp Hill,Canonsburg,Quakertown,Hatboro,Folcroft,Connellsville,Nazareth,Sugarcreek,White Oak,Lansdale,Swarthmore,Olyphant,Murrysville,West Chester,Red Lion,Nanticoke,Kingston,Washington,Downingtown,Munhall,Mount Carmel,Wyomissing,Carlisle,Dunmore,Mechanicsburg,Northampton,Archbald,Moosic,Bristol,Jefferson Hills,Duquesne,Jeannette,Norwood,Lansdowne,Birdsboro,Steelton,McKees Rocks,Glenolden,Columbia,Easton,Plum,Baldwin,Media,Aliquippa,Catasauqua,New Kensington,Wilkinsburg,Hermitage,Swissvale,Ridley Park,New Brighton,Ephrata,Dover,Lehighton,Lititz,Castle Shannon,Palmerton,Latrobe,Clairton,Greensburg,Brentwood,Monroeville,Turtle Creek,Coatesville,Middletown,Carbondale,Plymouth,Sharon Hill,Dormont,Blakely,Perkasie,New Holland,Carnegie,Selinsgrove,Old Forge,Collegeville,Conshohocken,New Cumberland,Bethel Park,Doylestown,Prospect Park,Whitehall,Phoenixville,West Mifflin,California,Palmyra,Emmaus,South Williamsport,Pleasant Hills,Norristown,Ambridge,Taylor,Elizabethtown,Lower Burrell,Yeadon,Darby,Crafton,Fox Chapel,Hollidaysburg,Forest Hills,Kennett Square,West View,Sharon,Beaver Falls,Hellertown,Dickson City,Clifton Heights,Wilson,Franklin Park,Bangor,Mount Joy,Souderton,Monaca,Bethlehem,Coraopolis,Oxford,Pittston,Brookhaven,Bellevue,Collingdale,Bridgeville,Schuylkill Haven,Berwick,Wilkes-Barre,McKeesport,Oakmont,Morrisville,Chester,Ambler,Gettysburg,Stroudsburg,Shillington,Lewisburg,La Quinta,Pleasant Hill,Pomona,Oakdale,Upland,Riverbank,Brea,San Jacinto,Exeter,Hercules,Moorpark,Windsor,El Monte,Sebastopol,Burbank,Rancho Santa Margarita,Manhattan Beach,Maywood,La Habra Heights,East Palo Alto,Lakewood,Irvine,Norco,Rocklin,Newark,Apple Valley,Bell Gardens,Foster City,Tiburon,Hesperia,Azusa,Big Bear Lake,Emeryville,Buellton,Cathedral City,Buena Park,El Segundo,Los Altos,San Bernardino,Encinitas,Loomis,Santa Fe Springs,American Canyon,Whittier,Duarte,Chula Vista,Adelanto,Cupertino,Palm Springs,Fullerton,Anaheim,Coronado,Campbell,Lynwood,Palm Desert,Temecula,Los Gatos,San Anselmo,Laguna Woods,Menlo Park,Corona,Walnut Creek,Pasadena,San Marcos,Milpitas,Hillsborough,National City,Piedmont,Malibu,Los Alamitos,Hawaiian Gardens,Arcadia,Calexico,Pleasanton,Vista,Carson,Gardena,Palo Alto,Lomita,Chino Hills,Pacifica,Signal Hill,Wildomar,Laguna Beach,Temple City,Orange,Lake Elsinore,Sunnyvale,San Bruno,Suisun,Calabasas,Monterey Park,San Rafael,Costa Mesa,Roseville,Coachella,Sierra Madre,Sausalito,Hughson,Ceres,Cypress,Pittsburg,San Marino,Huntington Park,Rosemead,Commerce,Yucaipa,Norwalk,Ontario,San Carlos,Burlingame,Scotts Valley,Atwater,Torrance,Elk Grove,South Gate,Moraga,Glendora,Laguna Niguel,Lemoore,Folsom,Fontana,Imperial Beach,Lemon Grove,Daly City,Orinda,El Cajon,Millbrae,Pacific Grove,Ojai,Rialto,Marysville,Palmdale,Saratoga,West Covina,Belmont,Long Beach,Santee,Walnut,Benicia,Atherton,Brentwood,South Pasadena,Monrovia,Rolling Hills Estates,Aliso Viejo,Artesia,San Juan Capistrano,San Gabriel,San Dimas,Corte Madera,Alameda,Fremont,Fowler,Calipatria,Beaumont,Santa Monica,San Fernando,Solana Beach,Fountain Valley,Rancho Cordova,South San Francisco,Richmond,Cotati,La Palma,Hermosa Beach,Shasta Lake,Paramount,Compton,Yorba Linda,Loma Linda,Pinole,Menifee,Hawthorne,Carpinteria,Ripon,Redwood City,La Cañada Flintridge,Eastvale,Rancho Palos Verdes,Alhambra,Escondido,Morgan Hill,Laguna Hills,Cudahy,El Cerrito,Dublin,Woodside,Tustin,Santa Ana,Fairfax,Moreno Valley,Downey,Healdsburg,Oakley,San Clemente,Mill Valley,Glendale,Albany,West Sacramento,Berkeley,Marina,Los Altos Hills,Baldwin Park,La Habra,Lafayette,Rancho Cucamonga,Indian Wells,Newport Beach,Bell,Goleta,Grover Beach,Culver City,Citrus Heights,Pismo Beach,Covina,Oakland,West Hollywood,Capitola,Diamond Bar,Garden Grove,Bellflower,San Mateo,Oceanside,Palos Verdes Estates,Carlsbad,Redlands,Clovis,Mountain View,Lathrop,Monterey,Clayton,Villa Park,Redondo Beach,Pico Rivera,Stanton,Colton,Cerritos,Montclair,Port Hueneme,Claremont,Chino,Placentia,Lincoln,Anderson,Lawndale,Westminster,Grand Terrace,Beverly Hills,Union City,La Verne,San Leandro,Larkspur,Banning,Poway,Dinuba,La Mirada,Santa Clara,Dana Point,Perris,Rohnert Park,Livingston,Martinez,Inglewood,Imperial,San Ramon,Canyon Lake,La Puente,Farmersville,South El Monte,Agoura Hills,Calimesa,Atascadero,Danville,Huntington Beach,San Pablo,Seal Beach,Tulare,Rancho Mirage,Lake Forest,Highland,Kingsburg,Morro Bay,Hayward,Novato,La Mesa,Montebello,Henderson,Sparks,North Las Vegas,Castle Pines,Parker,Windsor,Lone Tree,Edgewater,Thornton,Louisville,Fountain,Brighton,Loveland,Lakewood,Manitou Springs,Avon,Superior,Centennial,Evans,Erie,Wheat Ridge,Berthoud,Westminster,Frederick,Broomfield,Federal Heights,Greenwood Village,Arvada,Aurora,Dacono,Littleton,Glendale,Castle Rock,Sheridan,Fruita,Commerce City,Englewood,Cherry Hills Village,Milliken,Golden,Northglenn,Monument,Wasilla,Palmer,Homer,Pinson,Hoover,Trussville,Bessemer,Spanish Fort,Center Point,Lanett,Phenix City,Sheffield,Hamilton,Calera,Clay,Alabaster,Glencoe,Opelika,Pike Road,Fairhope,Rainbow City,Hartselle,Muscle Shoals,Oxford,Tuscumbia,Satsuma,Northport,Daleville,Pelham,Prattville,Homewood,Montevallo,Gulf Shores,Lincoln,Jacksonville,Vestavia Hills,Pleasant Grove,Saraland,Leeds,Chickasaw,Tarrant,Millbrook,Helena,Midfield,Guntersville,Moody,Attalla,Orange Beach,Smiths Station,Prichard,Mountain Brook,Gardendale,Madison,Fairfield,Hueytown,Southside,Irondale,Chelsea,Boaz,Rainsville,Fultondale,Springdale,Pea Ridge,Centerton,West Memphis,Bella Vista,Van Buren,Rogers,North Little Rock,Maumelle,Benton,Marion,Lowell,Sherwood,Farmington,Alma,White Hall,Bryant,Bentonville,Cabot,Jacksonville,Texarkana,Winooski,Montpelier,South Burlington,Essex Junction,East Alton,Homer Glen,Chicago Ridge,Libertyville,Elburn,Willow Springs,New Lenox,Burbank,Algonquin,Hanover Park,Lockport,Harvey,South Holland,Maywood,Mokena,Long Grove,Elk Grove Village,Countryside,Cicero,Peoria Heights,Montgomery,Addison,Oak Brook,River Forest,Milan,Frankfort,Evanston,Chatham,Godfrey,Arlington Heights,Deerfield,Markham,Channahon,Hillside,Spring Valley,Lincolnshire,Posen,Wood River,Carpentersville,Washington,Beach Park,Hickory Hills,Elgin,Lynwood,Berwyn,Lemont,Oak Forest,Hazel Crest,Naperville,Granite City,Sycamore,Crystal Lake,Maryville,Pontoon Beach,Belleville,Bensenville,River Grove,Park Ridge,Columbia,Willowbrook,Calumet Park,Sauk Village,Mundelein,Silvis,Midlothian,Coal City,Harwood Heights,Morton Grove,Justice,Lansing,Lisle,Centreville,Westmont,Melrose Park,Plainfield,Broadview,Joliet,Carterville,Prospect Heights,Morton,Brookfield,Lakemoor,Minooka,Lindenhurst,Edwardsville,Glenview,Clarendon Hills,Vernon Hills,Bloomingdale,Normal,Collinsville,Monee,Rolling Meadows,Stickney,Dolton,Wood Dale,Gurnee,Rockton,Antioch,Summit,Lake Zurich,Glenwood,La Salle,Mount Zion,Northfield,Orland Park,Bellwood,Elmhurst,Forest Park,Island Lake,Riverside,Bourbonnais,Round Lake,Flossmoor,Alsip,Streamwood,Warrenville,Plano,Yorkville,Lombard,Sandwich,Troy,Savoy,Orland Hills,East Saint Louis,Swansea,Chillicothe,Bridgeview,Wilmington,Palos Hills,Moline,West Dundee,Bartlett,West Chicago,Saint Charles,Roscoe,Pekin,Carol Stream,Westchester,Hawthorn Woods,Park City,Huntley,Hinsdale,Lyons,Skokie,Spring Grove,Northlake,Johnsburg,Niles,Cahokia,Oak Park,East Moline,South Beloit,Herrin,Richton Park,Machesney Park,Bolingbrook,Highland Park,Palos Heights,Batavia,Homewood,Tinley Park,Shiloh,Loves Park,Lake Bluff,Waukegan,Chicago Heights,South Elgin,Marion,Itasca,Rock Falls,Downers Grove,Rock Island,Park Forest,Schiller Park,La Grange,Schaumburg,McHenry,Robbins,Northbrook,Woodridge,Oak Lawn,Steger,Oswego,Wilmette,Berkeley,University Park,Campton Hills,Bradley,Colona,Glen Ellyn,Winnetka,Urbana,Elmwood Park,Lake Villa,Manhattan,Burr Ridge,Lincolnwood,Wauconda,Riverdale,Crete,Crestwood,Bartonville,Fairview Heights,Zion,Shorewood,Calumet City,Glencoe,Wheaton,Poplar Grove,Villa Park,Wheeling,Bethalto,North Riverside,Franklin Park,Highwood,East Peoria,Gilberts,Crest Hill,Winfield,Blue Island,Glendale Heights,La Grange Park,Romeoville,Matteson,Evergreen Park,Worth,Norridge,Buffalo Grove,Creve Coeur,Manteno,North Aurora,Aurora,Hoffman Estates,Sugar Grove,Round Lake Park,Glen Carbon,Inverness,Mount Prospect,Lake in the Hills,Country Club Hills,Western Springs,Des Plaines,Palatine,Belvidere,Cary,Darien,Roselle,Lake Forest,North Chicago,Pingree Grove,Grayslake,Geneva,Barrington,Fox Lake,Winthrop Harbor,O'Fallon,Buford,Richmond Hill,Sugar Hill,Pooler,Canton,Acworth,Johns Creek,Norcross,Morrow,Byron,Tyrone,Dunwoody,Centerville,Peachtree City,Locust Grove,Alpharetta,Snellville,Duluth,Braselton,Loganville,Covington,Marietta,Woodstock,Brookhaven,Kennesaw,Port Wentworth,Fairburn,Dacula,Stockbridge,Fort Oglethorpe,Flowery Branch,Auburn,Douglasville,Chamblee,Decatur,Union City,Grovetown,McDonough,Newnan,Powder Springs,Sandy Springs,Holly Springs,Villa Rica,Suwanee,Forest Park,Austell,Dallas,Peachtree Corners,Kingsland,Fayetteville,Doraville,Cumming,Lovejoy,Garden City,Hampton,Clarkston,Smyrna,Griffin,Conyers,Stone Mountain,Lilburn,Perry,East Point,College Park,Cusseta,Lawrenceville,Milton,Riverdale,Roswell,Hapeville,Brownsburg,Whitestown,Huntertown,McCordsville,Goshen,Griffith,Jeffersonville,Hammond,LaPorte,Munster,Gas City,West Lafayette,Dyer,Greenfield,Plainfield,Avon,Bargersville,Gary,Ellettsville,Chesterton,Westfield,Valparaiso,Brazil,Winfield,Carmel,Crown Point,New Whiteland,Danville,East Chicago,Clarksville,Fishers,Zionsville,Noblesville,New Albany,Yorktown,Saint John,Sellersburg,Speedway,Winona Lake,Portage,Cumberland,Mishawaka,Greenwood,Alexandria,Garrett,Merrillville,Beech Grove,Mooresville,Cedar Lake,Lake Station,Lawrence,Schererville,Hobart,Franklin,Highland,New Haven,Pleasant Hill,Ankeny,Marion,Norwalk,Asbury,Johnston,North Liberty,Altoona,Bettendorf,Clive,Grimes,Council Bluffs,Cedar Falls,Waukee,Eldridge,Urbandale,Coralville,West Des Moines,Bondurant,Hiawatha,Broken Arrow,Midwest City,Mustang,Blanchard,Sand Springs,Owasso,Edmond,Sapulpa,Warr Acres,Glenpool,Yukon,Bixby,Noble,Moore,Lone Grove,Catoosa,Del City,Bethany,Choctaw,Jenks,The Village,Tecumseh,Newcastle,Coweta,Piedmont,Tuttle,Scottsdale,Tolleson,Oro Valley,El Mirage,Guadalupe,Queen Creek,Buckeye,Marana,Eloy,Gilbert,Mesa,Cave Creek,Apache Junction,Prescott,Cottonwood,Chandler,Youngtown,Fountain Hills,Glendale,Surprise,South Tucson,Litchfield Park,Goodyear,Peoria,Camp Verde,Thatcher,Tempe,Paradise Valley,Post Falls,Eagle,Fruitland,Ammon,Middleton,Payette,Garden City,Hayden,Caldwell,Chubbuck,Meridian,New London,Shelton,New Britain,Groton,City of Milford (balance),Naugatuck,Norwalk,Middletown,Meriden,Ansonia,West Haven,Bristol,Derby,Stamford,Biddeford,Saco,Old Town,Auburn,South Portland,Caribou,Gardiner,Westbrook,Bath,Brewer,Ellsworth,Frostburg,Mount Rainier,Ocean City,Hyattsville,Annapolis,Hampstead,La Plata,Takoma Park,Walkersville,Fruitland,Elkton,New Carrollton,Rockville,Westminster,Havre de Grace,Bowie,Cheverly,Mount Airy,Glenarden,Greenbelt,Aberdeen,Riverdale Park,District Heights,Bladensburg,Bel Air,College Park,Gaithersburg,Laurel,Marlborough,Quincy,Chicopee,Waltham,Medford,Gloucester,Haverhill,Newton,Everett,Salem,Brockton,Watertown,Westfield,Cambridge,Somerville,Northampton,Methuen,Holyoke,Newburyport,Fitchburg,Lawrence,Revere,Beverly,Woburn,Chelsea,Melrose,Peabody,Lowell,Gardner,Malden,Lynn,Attleboro,Fall River,Taunton,University Heights,Sheffield Lake,Blue Ash,Trotwood,Hamilton,Grove City,Northwood,Centerville,Lakewood,Wickliffe,Monroe,Montgomery,Richmond Heights,Vandalia,Kirtland,North Canton,Medina,Shaker Heights,Brecksville,Trenton,Worthington,Union,Miamisburg,Steubenville,Eastlake,Powell,The Village of Indian Hill,New Albany,Bedford Heights,Strongsville,Campbell,Stow,Lyndhurst,Cleveland Heights,Parma,Warren,Norton,Westerville,Seven Hills,Norwood,Oakwood,Hudson,Middleburg Heights,Reynoldsburg,Gahanna,Madeira,Fairfield,Cuyahoga Falls,Canal Winchester,Mayfield Heights,Twinsburg,Grandview Heights,Pickerington,Lebanon,South Euclid,Euclid,Wyoming,Avon,Saint Clairsville,Deer Park,Mount Healthy,Painesville,Fairlawn,Maple Heights,Ontario,Fairborn,Sharonville,Rittman,Kent,Dover,Mentor,Rossford,Garfield Heights,Canal Fulton,Moraine,Barberton,Forest Park,Delaware,Riverside,Massillon,North Olmsted,Ironton,Olmsted Falls,Ravenna,Springboro,Struthers,Streetsboro,Troy,Bay Village,Amherst,Wellston,Brooklyn,Englewood,Willowick,Berea,Pepper Pike,Macedonia,Carlisle,Tipp City,North Ridgeville,Kettering,Beavercreek,Hilliard,Louisville,Willoughby,Niles,Loveland,Canfield,Brunswick,North College Hill,Granville,Reading,Sunbury,Brook Park,Broadview Heights,Waterville,Grafton,Heath,Bedford,Dublin,Westlake,Huron,Upper Arlington,Oregon,Milford,New Carlisle,Uhrichsville,Cheviot,New Franklin,Beachwood,Perrysburg,Sylvania,Munroe Falls,Franklin,Hubbard,Parma Heights,East Cleveland,Green,Clayton,Pataskala,Bexley,Elyria,Warrensville Heights,Martins Ferry,North Royalton,Tallmadge,Bellbrook,Rocky River,Wadsworth,Highland Heights,Avon Lake,Xenia,Mentor-on-the-Lake,Groveport,Independence,Aurora,Springdale,Germantown,Huber Heights,Maumee,Mason,Solon,Belpre,Brookville,Fairview Park,Vermilion,Cortland,Whitehall,Girard,Willoughby Hills,South Ogden,Harrisville,North Salt Lake,Spanish Fork,Orem,West Valley City,Enoch,Cedar Hills,Hooper,Bluffdale,Bountiful,Saratoga Springs,Providence,Hyrum,West Bountiful,Centerville,West Jordan,North Ogden,Ivins,Holladay,Riverton,Midvale,Smithfield,American Fork,Alpine,Clinton,Layton,Springville,Sunset,West Haven,Farmington,Clearfield,Highland,Washington Terrace,Kaysville,Eagle Mountain,Cottonwood Heights,Washington,Nibley,Taylorsville,Lehi,Brigham City,Pleasant View,Santa Clara,Salem,Mapleton,North Logan,South Salt Lake,Plain City,Draper,Syracuse,West Point,Roy,Farr West,Fruit Heights,Pleasant Grove,Woods Cross,Lindon,Herriman,Murray,South Jordan,Payson,Riverdale,South Weber,Parkville,Chesterfield,Republic,Wentzville,Ferguson,Town and Country,Grandview,Glendale,Jennings,Saint Peters,Nixa,Raymore,Sunset Hills,Clayton,Lake Saint Louis,Grain Valley,Manchester,Richmond Heights,Wildwood,Valley Park,Liberty,Ladue,Florissant,Saint Robert,Bonne Terre,Bellefontaine Neighbors,Battlefield,Olivette,Belton,Independence,Creve Coeur,Gladstone,Oak Grove,Pevely,Jackson,Dardenne Prairie,Des Peres,Ellisville,Webster Groves,Weldon Spring,Festus,Maplewood,Hazelwood,Saint Ann,Park Hills,Blue Springs,Webb City,Ballwin,Kirkwood,Berkeley,Greenwood,Waynesville,Shrewsbury,Crestwood,Raytown,Bridgeton,Brentwood,Carl Junction,University City,Overland,Smithville,Black Jack,Ozark,Dellwood,Maryland Heights,Saint Charles,Arnold,O'Fallon,Cottleville,Savage,East Bethel,Maple Grove,Minnetonka,Brooklyn Center,Fridley,Hopkins,West Saint Paul,White Bear Lake,Hermantown,Little Canada,Shorewood,Mound,Prior Lake,Edina,Roseville,Mahtomedi,Mounds View,Anoka,Wyoming,Chanhassen,Oak Grove,North Oaks,Rogers,Isanti,Lake Elmo,Waite Park,Medina,Elk River,Oakdale,Rosemount,Columbia Heights,Big Lake,Lino Lakes,Farmington,Coon Rapids,Robbinsdale,Burnsville,Arden Hills,Spring Lake Park,Vadnais Heights,Golden Valley,Shoreview,Crystal,Apple Valley,Andover,Stillwater,Eagan,North Mankato,Cottage Grove,Maplewood,Eden Prairie,Inver Grove Heights,New Hope,Saint Joseph,Saint Michael,South Saint Paul,Saint Paul Park,Bloomington,Corcoran,Otsego,Shakopee,Victoria,Chaska,Orono,Mendota Heights,Saint Louis Park,Minnetrista,Albertville,Baxter,Hugo,Plymouth,Blaine,Brooklyn Park,Richfield,Dayton,Ramsey,North Saint Paul,Chisago City,Lakeville,Sauk Rapids,Falcon Heights,Champlin,Woodbury,Sartell,Saint Paul,East Grand Forks,Saint Anthony,New Brighton,Moorhead,Ham Lake,Wayne,Grand Haven,Hudsonville,Hazel Park,Novi,Northville,Clawson,Rochester,East Grand Rapids,Brighton,Fraser,Roseville,Birmingham,Grosse Pointe,Kingsford,Huntington Woods,Norton Shores,Kentwood,Melvindale,Howell,New Baltimore,Oak Park,Swartz Creek,Wyoming,Rochester Hills,Eastpointe,East Lansing,Westland,Highland Park,Fenton,Saint Clair Shores,Flushing,Hamtramck,Walled Lake,River Rouge,Flat Rock,Farmington,Muskegon Heights,Grand Ledge,Trenton,Beverly Hills,Romulus,Menominee,Ypsilanti,Madison Heights,Saint Joseph,Tecumseh,Lincoln Park,Livonia,Harper Woods,Saint Clair,Pontiac,Rockford,Grosse Pointe Woods,Southgate,Niles,Saint Louis,Sterling Heights,Grand Blanc,Auburn Hills,Garden City,Grosse Pointe Park,Wyandotte,Wixom,Allen Park,Milford,Marysville,Dearborn,Grandville,Inkster,Center Line,Troy,Warren,Mason,Riverview,Zeeland,Berkley,Taylor,Saline,Ecorse,Mount Clemens,Walker,Southfield,Burton,Grosse Pointe Farms,Portage,Dearborn Heights,Springfield,Farmington Hills,Ferndale,Plymouth,Woodhaven,Royal Oak,Central Falls,Warwick,Cranston,East Providence,Newport,Woonsocket,Pawtucket,Park City,Mulvane,Valley Center,Overland Park,Lansing,Roeland Park,Gardner,Prairie Village,Lenexa,Bonner Springs,Shawnee,Andover,Kansas City,Leawood,Haysville,Merriam,Olathe,Derby,Mission,Flowood,Ocean Springs,Bay Saint Louis,Petal,Southaven,Clinton,Biloxi,Pearl,Waveland,Richland,Horn Lake,Ridgeland,Long Beach,Brandon,Madison,D'Iberville,Gautier,Pass Christian,Hernando,Moss Point,Byram,Olive Branch,Greer,Mount Pleasant,Goose Creek,Summerville,Lexington,Bluffton,Irmo,Fort Mill,Hollywood,Aiken,North Myrtle Beach,Cayce,Clemson,Moncks Corner,Darlington,Central,West Columbia,North Charleston,Conway,Simpsonville,Hanahan,Port Royal,Fountain Inn,Forest Acres,North Augusta,Tega Cay,Travelers Rest,Easley,Corbin,Union,Jeffersontown,Taylor Mill,Radcliff,Fort Thomas,Middletown,Fort Mitchell,Newport,Covington,Shepherdsville,Flatwoods,Cold Spring,Highland Heights,Vine Grove,Edgewood,Erlanger,Henderson,Lyndon,Oak Grove,La Grange,Fort Wright,Elsmere,Ashland,Hillview,Bellevue,Villa Hills,Alexandria,Independence,Mount Washington,Shively,Dayton,Florence,Saint Matthews,Douglass Hills,North Bend,Happy Valley,Independence,Forest Grove,Umatilla,Tualatin,Damascus,Lake Oswego,Central Point,Milton-Freewater,Gladstone,Warrenton,Cornelius,Sherwood,Wilsonville,Winston,Oregon City,Tigard,Troutdale,Fairview,Beaverton,Ashland,Gresham,Scappoose,Milwaukie,Keizer,West Linn,Talent,Hillsboro,Springfield,Eagle Point,Hartford
Vietnam,ASIA (EX. NEAR EAST),84402966,329560,2500.0,Quảng Trị,Thanh Hóa,Vung Tau,Play Ku,Cam Ranh,Đông Hà,Bạc Liêu,Luan Chau,Mỹ Tho,Bắc Giang,Quảng Ngãi,Long Xuyen,Bắc Kạn,Thái Bình,Nam Định,Lao Chi,Tuyên Quang,Da Nang,Hoa Binh,Kon Tum,Sơn Tây,Hanoi,Cao Bằng,Ha Giang,Da Lat,Haiphong,Lạng Sơn,Hong Gai,Cẩm Phả,Buon Me Thuot,Sơn La,Ninh Bình,Châu Đốc,Thái Nguyên,Hai Duong,Tuy Hòa,Vinh,Yên Bái,Ho Chi Minh City,Nha Trang,Cao Lãnh,Đồng Hới,Vĩnh Long,Truc Giang,Rạch Giá,Sóc Trăng,Can Tho,Hon Quan,Hue,Việt Trì,Biên Hòa,Hà Tĩnh,Phan Rang,Phan Thiet,Tan An,Cà Mau,Tra Vinh,Qui Nhon,Thu Dau Mot,Tây Ninh
